,uri,url,id,asset_id,source,published_date,updated,section,subsection,nytdsection,adx_keywords,column,byline,type,title,abstract,des_facet,org_facet,per_facet,geo_facet,media,eta_id
0,nyt://article/0c53a478-7276-5fe7-abb7-e9272ed0f06b,https://www.nytimes.com/2020/04/11/us/politics/coronavirus-trump-response.html,100000007082117,100000007082117,New York Times,2020-04-11,2020-04-13 20:30:51,U.S.,Politics,u.s.,"Coronavirus (2019-nCoV);United States Politics and Government;United States Economy;United States International Relations;Presidential Election of 2020;Shutdowns (Institutional);Quarantines;Travel Warnings;Trump, Donald J;Azar, Alex M II;Birx, Deborah L;Fauci, Anthony S;Mnuchin, Steven T;Navarro, Peter;O'Brien, Robert C (1952- );Pence, Mike;Pottinger, Matthew;Redfield, Robert R;Centers for Disease Control and Prevention;National Institutes of Health;National Security Council;Health and Human Services Department;China",,"By Eric Lipton, David E. Sanger, Maggie Haberman, Michael D. Shear, Mark Mazzetti and Julian E. Barnes",Article,He Could Have Seen What Was Coming: Behind Trump’s Failure on the Virus,"An examination reveals the president was warned about the potential for a pandemic but that internal divisions, lack of planning and his faith in his own instincts led to a halting response.","['Coronavirus (2019-nCoV)', 'United States Politics and Government', 'United States Economy', 'United States International Relations', 'Presidential Election of 2020', 'Shutdowns (Institutional)', 'Quarantines', 'Travel Warnings']","['Centers for Disease Control and Prevention', 'National Institutes of Health', 'National Security Council', 'Health and Human Services Department']","['Trump, Donald J', 'Azar, Alex M II', 'Birx, Deborah L', 'Fauci, Anthony S', 'Mnuchin, Steven T', 'Navarro, Peter', ""O'Brien, Robert C (1952- )"", 'Pence, Mike', 'Pottinger, Matthew', 'Redfield, Robert R']",['China'],"[{'type': 'image', 'subtype': 'photo', 'caption': 'President Trump has repeatedly said that no one could have seen the effects of the coronavirus coming.', 'copyright': 'Al Drago for The New York Times', 'approved_for_syndication': 1, 'media-metadata': [{'url': 'https://static01.nyt.com/images/2020/05/11/us/politics/11dc-virus-reconstruct-hp/11dc-virus-reconstruct-hp-thumbStandard.jpg', 'format': 'Standard Thumbnail', 'height': 75, 'width': 75}, {'url': 'https://static01.nyt.com/images/2020/05/11/us/politics/11dc-virus-reconstruct-hp/11dc-virus-reconstruct-hp-mediumThreeByTwo210.jpg', 'format': 'mediumThreeByTwo210', 'height': 140, 'width': 210}, {'url': 'https://static01.nyt.com/images/2020/05/11/us/politics/11dc-virus-reconstruct-hp/11dc-virus-reconstruct-hp-mediumThreeByTwo440.jpg', 'format': 'mediumThreeByTwo440', 'height': 293, 'width': 440}]}]",0
1,nyt://article/a6babdf9-9d97-534b-8a71-292c6ba2298f,https://www.nytimes.com/2020/04/08/us/politics/bernie-sanders-drops-out.html,100000007027237,100000007027237,New York Times,2020-04-08,2020-04-09 08:52:52,U.S.,Politics,u.s.,"Primaries and Caucuses;Presidential Election of 2020;United States Politics and Government;Sanders, Bernard;Biden, Joseph R Jr;Democratic Party",,By Sydney Ember,Article,Bernie Sanders Drops Out of 2020 Democratic Race for President,"Mr. Sanders, a democratic socialist making his second run for the White House, withdrew after a series of losses to Joseph R. Biden Jr., who emerges as the presumptive nominee for the general election.","['Primaries and Caucuses', 'Presidential Election of 2020', 'United States Politics and Government']",['Democratic Party'],"['Sanders, Bernard', 'Biden, Joseph R Jr']",[],[],0
2,nyt://article/aa39e237-9a2b-5ced-a61d-952671d19514,https://www.nytimes.com/2020/04/05/style/coronavirus-honeymoon-stranded.html,100000007065951,100000007065951,New York Times,2020-04-05,2020-04-06 16:09:38,Style,,style,Travel and Vacations;Airlines and Airplanes;Travel Warnings;Coronavirus (2019-nCoV);Honeymoons;your-feed-selfcare;Maldives;South Africa,,By David Zweig,Article,They Were the Last Couple in Paradise. Now They’re Stranded.,"They were surrounded by a fleet of staff, who were stranded themselves, trapped in an eternal honeymoon in the Maldives. Their adventure continues.","['Travel and Vacations', 'Airlines and Airplanes', 'Travel Warnings', 'Coronavirus (2019-nCoV)', 'Honeymoons', 'your-feed-selfcare']",[],[],"['Maldives', 'South Africa']","[{'type': 'image', 'subtype': 'photo', 'caption': '', 'copyright': '', 'approved_for_syndication': 1, 'media-metadata': [{'url': 'https://static01.nyt.com/images/2020/04/02/style/03VIRUS-HONEYMOON3/03VIRUS-HONEYMOON3-thumbStandard-v2.jpg', 'format': 'Standard Thumbnail', 'height': 75, 'width': 75}, {'url': 'https://static01.nyt.com/images/2020/04/02/style/03VIRUS-HONEYMOON3/03VIRUS-HONEYMOON3-mediumThreeByTwo210-v2.jpg', 'format': 'mediumThreeByTwo210', 'height': 140, 'width': 210}, {'url': 'https://static01.nyt.com/images/2020/04/02/style/03VIRUS-HONEYMOON3/03VIRUS-HONEYMOON3-mediumThreeByTwo440-v2.jpg', 'format': 'mediumThreeByTwo440', 'height': 293, 'width': 440}]}]",0
3,nyt://article/bb708544-051e-5fcb-bfed-a373c02e4e4f,https://www.nytimes.com/2020/04/10/us/coronavirus-live-updates.html,100000007081169,100000007081169,New York Times,2020-04-10,2020-04-11 12:08:56,U.S.,,u.s.,Coronavirus (2019-nCoV),,,Article,Trump Says Countries Must Accept Deportees or Lose Visas,The U.S. says that lifting stay-at-home rules too soon could result in a spike in infections. Apple and Google are working on a cellphone feature to help with contact tracing.,['Coronavirus (2019-nCoV)'],[],[],[],[],0
4,nyt://article/24b3f3ef-253c-5331-84b4-567d401d66ee,https://www.nytimes.com/2020/04/06/world/coronavirus-live-news-updates.html,100000007072399,100000007072399,New York Times,2020-04-06,2020-04-08 07:07:35,World,,world,"Coronavirus (2019-nCoV);Hydroxychloroquine (Drug);Tests (Medical);Epidemics;United States Politics and Government;Unemployment;Elizabeth II, Queen of Great Britain;Johnson, Boris;Trump, Donald J;Fauci, Anthony S",,,Article,White House Adviser Warned of Risks of Pandemic; Trump Misleads on Testing,"Britain’s prime minister, Boris Johnson, has been moved to intensive care, and the Supreme Court rejected an extension of Wisconsin’s voting deadline.","['Coronavirus (2019-nCoV)', 'Hydroxychloroquine (Drug)', 'Tests (Medical)', 'Epidemics', 'United States Politics and Government', 'Unemployment']",[],"['Elizabeth II, Queen of Great Britain', 'Johnson, Boris', 'Trump, Donald J', 'Fauci, Anthony S']",[],[],0
5,nyt://article/cee55503-b56c-57cb-9200-8a8f3586a6fb,https://www.nytimes.com/2020/04/06/upshot/coronavirus-four-benchmarks-reopening.html,100000007069853,100000007069853,New York Times,2020-04-06,2020-04-11 12:36:24,The Upshot,,the upshot,Coronavirus (2019-nCoV);Quarantines;Medicine and Health;Epidemics;States (US),,By Aaron E. Carroll,Article,How Will We Know When It’s Time to Reopen the Nation?,"Experts offer four benchmarks that can serve as a guide for cities and states, eliminating some of the guesswork.","['Coronavirus (2019-nCoV)', 'Quarantines', 'Medicine and Health', 'Epidemics', 'States (US)']",[],[],[],"[{'type': 'image', 'subtype': 'photo', 'caption': 'Fifth Avenue in Midtown Manhattan was empty early Saturday morning.', 'copyright': 'Jonah Markowitz for The New York Times', 'approved_for_syndication': 1, 'media-metadata': [{'url': 'https://static01.nyt.com/images/2020/04/06/upshot/06up-virus-reopen-promo/06up-virus-reopen-promo-thumbStandard.jpg', 'format': 'Standard Thumbnail', 'height': 75, 'width': 75}, {'url': 'https://static01.nyt.com/images/2020/04/06/upshot/06up-virus-reopen-promo/06up-virus-reopen-promo-mediumThreeByTwo210.jpg', 'format': 'mediumThreeByTwo210', 'height': 140, 'width': 210}, {'url': 'https://static01.nyt.com/images/2020/04/06/upshot/06up-virus-reopen-promo/06up-virus-reopen-promo-mediumThreeByTwo440.jpg', 'format': 'mediumThreeByTwo440', 'height': 293, 'width': 440}]}]",0
6,nyt://article/57c83a0c-7920-50ab-bae0-840ce23c5f4f,https://www.nytimes.com/2020/04/08/us/coronavirus-live-updates.html,100000007076719,100000007076719,New York Times,2020-04-08,2020-04-09 06:25:02,U.S.,,u.s.,Coronavirus (2019-nCoV),,,Article,Studies Show N.Y. Outbreak Originated in Europe,The C.D.C. outlined how essential employees can go back to work even if they have been exposed. Scientists warn that the virus might not fade in warm weather.,['Coronavirus (2019-nCoV)'],[],[],[],"[{'type': 'image', 'subtype': 'photo', 'caption': 'A masked Statue of Liberty outside a Brooklyn home on Tuesday.', 'copyright': 'Demetrius Freeman for The New York Times', 'approved_for_syndication': 1, 'media-metadata': [{'url': 'https://static01.nyt.com/images/2020/04/08/world/08virus-nat-briefing-top/08virus-nat-briefing-top-thumbStandard.jpg', 'format': 'Standard Thumbnail', 'height': 75, 'width': 75}, {'url': 'https://static01.nyt.com/images/2020/04/08/world/08virus-nat-briefing-top/merlin_171372906_d2d2c722-09a2-4ea2-842a-bc76694a5658-mediumThreeByTwo210.jpg', 'format': 'mediumThreeByTwo210', 'height': 140, 'width': 210}, {'url': 'https://static01.nyt.com/images/2020/04/08/world/08virus-nat-briefing-top/merlin_171372906_d2d2c722-09a2-4ea2-842a-bc76694a5658-mediumThreeByTwo440.jpg', 'format': 'mediumThreeByTwo440', 'height': 293, 'width': 440}]}]",0
7,nyt://article/5102b753-893b-59f4-8665-7fdf4b7f7d10,https://www.nytimes.com/article/coronavirus-homemade-mask-material-DIY-face-mask-ppe.html,100000007071229,100000007071229,New York Times,2020-04-05,2020-04-09 09:05:30,Well,Live,well,Masks;Coronavirus (2019-nCoV);Do It Yourself;Protective Clothing and Gear;Sewing,,By Tara Parker-Pope,Article,What’s the Best Material for a Mask?,"Scientists are testing everyday items to find the best protection from coronavirus. Pillow cases, flannel pajamas and origami vacuum bags are all candidates.","['Masks', 'Coronavirus (2019-nCoV)', 'Do It Yourself', 'Protective Clothing and Gear', 'Sewing']",[],[],[],"[{'type': 'image', 'subtype': 'photo', 'caption': '', 'copyright': 'Samuel Aranda for The New York Times', 'approved_for_syndication': 1, 'media-metadata': [{'url': 'https://static01.nyt.com/images/2020/04/07/well/04well-masks-sewing/04well-masks-sewing-thumbStandard.jpg', 'format': 'Standard Thumbnail', 'height': 75, 'width': 75}, {'url': 'https://static01.nyt.com/images/2020/04/07/well/04well-masks-sewing/merlin_171114456_5475c3c0-a60f-4ab5-b7c7-6d2cdfc5e6a1-mediumThreeByTwo210.jpg', 'format': 'mediumThreeByTwo210', 'height': 140, 'width': 210}, {'url': 'https://static01.nyt.com/images/2020/04/07/well/04well-masks-sewing/merlin_171114456_5475c3c0-a60f-4ab5-b7c7-6d2cdfc5e6a1-mediumThreeByTwo440.jpg', 'format': 'mediumThreeByTwo440', 'height': 293, 'width': 440}]}]",0
8,nyt://article/e5ddd832-0a48-5583-909e-ea716e27332a,https://www.nytimes.com/2020/04/12/business/media/disney-ceo-coronavirus.html,100000007079840,100000007079840,New York Times,2020-04-12,2020-04-13 13:46:32,Business,Media,business,"Coronavirus (2019-nCoV);Media;Chapek, Robert A;Iger, Robert A;Disney Plus;Disney, Walt, World (Lake Buena Vista, Fla);Walt Disney Company;China",,By Ben Smith,Article,"Bob Iger Thought He Was Leaving on Top. Now, He’s Fighting for Disney’s Life.",The former C.E.O. thought he was riding into the sunset. Now he’s reasserting control and reimagining Disney as a company with fewer employees and more thermometers.,"['Coronavirus (2019-nCoV)', 'Media']","['Disney Plus', 'Disney, Walt, World (Lake Buena Vista, Fla)', 'Walt Disney Company']","['Chapek, Robert A', 'Iger, Robert A']",['China'],"[{'type': 'image', 'subtype': 'photo', 'caption': 'The Shanghai Disney Resort on Jan. 25, the day it was closed because of the coronavirus outbreak.', 'copyright': 'Aly Song/Reuters', 'approved_for_syndication': 1, 'media-metadata': [{'url': 'https://static01.nyt.com/images/2020/04/13/business/12SUBJPBENSMITH1-print/12SUBJPBENSMITH1-print-thumbStandard-v2.jpg', 'format': 'Standard Thumbnail', 'height': 75, 'width': 75}, {'url': 'https://static01.nyt.com/images/2020/04/13/business/12SUBJPBENSMITH1-print/12SUBJPBENSMITH1-print-mediumThreeByTwo210-v2.jpg', 'format': 'mediumThreeByTwo210', 'height': 140, 'width': 210}, {'url': 'https://static01.nyt.com/images/2020/04/13/business/12SUBJPBENSMITH1-print/12SUBJPBENSMITH1-print-mediumThreeByTwo440-v2.jpg', 'format': 'mediumThreeByTwo440', 'height': 293, 'width': 440}]}]",0
9,nyt://article/8ec20bb2-2caf-51a1-adc7-8d6074e063c5,https://www.nytimes.com/2020/04/04/world/europe/germany-coronavirus-death-rate.html,100000007067360,100000007067360,New York Times,2020-04-04,2020-04-10 12:17:11,World,Europe,world,"Coronavirus (2019-nCoV);Tests (Medical);Hospitals;Epidemics;Quarantines;Ventilators (Medical);Deaths (Fatalities);Merkel, Angela;Germany",,By Katrin Bennhold,Article,A German Exception? Why the Country’s Coronavirus Death Rate Is Low,"The pandemic has hit Germany hard, with more than 100,000 people infected. But the percentage of fatal cases has been remarkably low compared to those in many neighboring countries.","['Coronavirus (2019-nCoV)', 'Tests (Medical)', 'Hospitals', 'Epidemics', 'Quarantines', 'Ventilators (Medical)', 'Deaths (Fatalities)']",[],"['Merkel, Angela']",['Germany'],"[{'type': 'image', 'subtype': 'photo', 'caption': 'In the heart of Berlin, Potsdamer Platz was nearly empty on Saturday, as people heeded orders to stay at home.\xa0', 'copyright': 'Emile Ducke for The New York Times', 'approved_for_syndication': 1, 'media-metadata': [{'url': 'https://static01.nyt.com/images/2020/04/05/world/05germany-deathrate1/merlin_171072987_8e193282-6f10-4a5f-84ce-b2d9c4d2f181-thumbStandard.jpg', 'format': 'Standard Thumbnail', 'height': 75, 'width': 75}, {'url': 'https://static01.nyt.com/images/2020/04/05/world/05germany-deathrate1/merlin_171072987_8e193282-6f10-4a5f-84ce-b2d9c4d2f181-mediumThreeByTwo210.jpg', 'format': 'mediumThreeByTwo210', 'height': 140, 'width': 210}, {'url': 'https://static01.nyt.com/images/2020/04/05/world/05germany-deathrate1/merlin_171072987_8e193282-6f10-4a5f-84ce-b2d9c4d2f181-mediumThreeByTwo440.jpg', 'format': 'mediumThreeByTwo440', 'height': 293, 'width': 440}]}]",0
10,nyt://article/d3c9f0cf-4a3d-5bc0-b40e-a86c25c461b4,https://www.nytimes.com/2020/04/06/us/politics/coronavirus-trump-malaria-drug.html,100000007073817,100000007073817,New York Times,2020-04-06,2020-04-10 12:17:13,U.S.,Politics,u.s.,"Hydroxychloroquine (Drug);United States Politics and Government;Coronavirus (2019-nCoV);Drugs (Pharmaceuticals);Fauci, Anthony S;Giuliani, Rudolph W;Trump, Donald J;Food and Drug Administration",,"By Peter Baker, Katie Rogers, David Enrich and Maggie Haberman",Article,Trump’s Aggressive Advocacy of Malaria Drug for Treating Coronavirus Divides Medical Community,"While Dr. Anthony Fauci has urged caution in using hydroxychloroquine, some doctors are prescribing it to patients who have the virus despite the fact it has never been tested for it.","['Hydroxychloroquine (Drug)', 'United States Politics and Government', 'Coronavirus (2019-nCoV)', 'Drugs (Pharmaceuticals)']",['Food and Drug Administration'],"['Fauci, Anthony S', 'Giuliani, Rudolph W', 'Trump, Donald J']",[],"[{'type': 'image', 'subtype': 'photo', 'caption': 'President Trump on Sunday during a news conference with members of the coronavirus task force at the White House.', 'copyright': 'Anna Moneymaker/The New York Times', 'approved_for_syndication': 1, 'media-metadata': [{'url': 'https://static01.nyt.com/images/2020/04/08/us/politics/06dc-virus-drug/06dc-virus-drug-thumbStandard.jpg', 'format': 'Standard Thumbnail', 'height': 75, 'width': 75}, {'url': 'https://static01.nyt.com/images/2020/04/08/us/politics/06dc-virus-drug/merlin_171312480_c05bad56-2b02-45ef-a498-996faf035240-mediumThreeByTwo210.jpg', 'format': 'mediumThreeByTwo210', 'height': 140, 'width': 210}, {'url': 'https://static01.nyt.com/images/2020/04/08/us/politics/06dc-virus-drug/merlin_171312480_c05bad56-2b02-45ef-a498-996faf035240-mediumThreeByTwo440.jpg', 'format': 'mediumThreeByTwo440', 'height': 293, 'width': 440}]}]",0
11,nyt://article/f399818c-88ef-56c5-ba98-fec66a17b1ea,https://www.nytimes.com/2020/04/11/world/europe/chernobyl-wildfire.html,100000007083418,100000007083418,New York Times,2020-04-11,2020-04-12 11:00:26,World,Europe,world,Wildfires;Radiation;Nuclear Energy;Chernobyl (Ukraine);Kyiv (Ukraine);Ukraine,,By Maria Varenikova,Article,"Chernobyl Wildfires Reignite, Stirring Up Radiation","Wildfires are common in the so-called Zone of Alienation around the abandoned Chernobyl plant. A larger-than-typical fire is stirring up radiation, though levels remain normal in Kyiv, the Ukrainian capital.","['Wildfires', 'Radiation', 'Nuclear Energy']",[],[],"['Chernobyl (Ukraine)', 'Kyiv (Ukraine)', 'Ukraine']","[{'type': 'image', 'subtype': 'photo', 'caption': 'A field fire burning on Friday in the Chernobyl Exclusion Zone in Ukraine.', 'copyright': 'Volodymyr Shuvayev/Agence France-Presse &mdash; Getty Images', 'approved_for_syndication': 1, 'media-metadata': [{'url': 'https://static01.nyt.com/images/2020/04/12/world/12SUBchernobyl-fires-print/11chernobyl-fires1-thumbStandard.jpg', 'format': 'Standard Thumbnail', 'height': 75, 'width': 75}, {'url': 'https://static01.nyt.com/images/2020/04/12/world/12SUBchernobyl-fires-print/11chernobyl-fires1-mediumThreeByTwo210.jpg', 'format': 'mediumThreeByTwo210', 'height': 140, 'width': 210}, {'url': 'https://static01.nyt.com/images/2020/04/12/world/12SUBchernobyl-fires-print/11chernobyl-fires1-mediumThreeByTwo440.jpg', 'format': 'mediumThreeByTwo440', 'height': 293, 'width': 440}]}]",0
12,nyt://article/add07c6a-a292-5955-80d1-5e7c831607f8,https://www.nytimes.com/2020/04/07/world/coronavirus-updates-news-live.html,100000007074466,100000007074466,New York Times,2020-04-07,2020-04-13 08:27:36,World,,world,"Coronavirus (2019-nCoV);Tests (Medical);Quarantines;Johnson, Boris;Trump, Donald J",,,Article,Trump Attacks W.H.O. and Ousts Watchdog for Pandemic Fund,"New York and New Jersey recorded one-day highs for deaths, and voters in Wisconsin cast ballots while trying to exercise proper social distancing.","['Coronavirus (2019-nCoV)', 'Tests (Medical)', 'Quarantines']",[],"['Johnson, Boris', 'Trump, Donald J']",[],[],0
13,nyt://article/900a3c61-f7c6-59a2-b6cf-7729d97f9fab,https://www.nytimes.com/2020/04/11/opinion/sunday/coronavirus-hospitals-bronx.html,100000007081622,100000007081622,New York Times,2020-04-11,2020-04-12 11:07:36,Opinion,Sunday Review,opinion,"Coronavirus (2019-nCoV);Emergency Medical Treatment;Protective Clothing and Gear;Shortages;Medical Devices;Ventilators (Medical);Epidemics;Deaths (Fatalities);Nursing and Nurses;Montefiore Medical Center;Weiler, Jack D, Hospital (Bronx, NY);Bronx (NYC)",,By Nicholas Kristof,Article,Life and Death in the ‘Hot Zone’,"“If people saw this, they would stay home.” What the war against the coronavirus looks like inside two Bronx hospitals.","['Coronavirus (2019-nCoV)', 'Emergency Medical Treatment', 'Protective Clothing and Gear', 'Shortages', 'Medical Devices', 'Ventilators (Medical)', 'Epidemics', 'Deaths (Fatalities)', 'Nursing and Nurses']","['Montefiore Medical Center', 'Weiler, Jack D, Hospital (Bronx, NY)']",[],['Bronx (NYC)'],[],0
14,nyt://article/9ef432e7-b178-5755-bff5-7969055e22fe,https://www.nytimes.com/2020/04/12/us/politics/trump-fauci-coronavirus.html,100000007084526,100000007084526,New York Times,2020-04-12,2020-04-13 19:50:43,U.S.,Politics,u.s.,"Coronavirus (2019-nCoV);United States Politics and Government;Epidemics;Trump, Donald J;Fauci, Anthony S;National Institute of Allergy and Infectious Diseases",,By Peter Baker,Article,Trump Lashes Out at Fauci Amid Criticism of Slow Virus Response,The president retweeted a post calling for the government’s top infectious disease specialist to be fired after the doctor acknowledged that shutting down the country earlier could have saved lives.,"['Coronavirus (2019-nCoV)', 'United States Politics and Government', 'Epidemics']",['National Institute of Allergy and Infectious Diseases'],"['Trump, Donald J', 'Fauci, Anthony S']",[],"[{'type': 'image', 'subtype': 'photo', 'caption': 'Dr. Anthony S. Fauci, the federal government’s top infectious disease expert, and President Trump have publicly disagreed on several issues.', 'copyright': 'Anna Moneymaker/The New York Times', 'approved_for_syndication': 1, 'media-metadata': [{'url': 'https://static01.nyt.com/images/2020/04/14/us/politics/12dc-virus-trump2/12dc-virus-trump2-thumbStandard.jpg', 'format': 'Standard Thumbnail', 'height': 75, 'width': 75}, {'url': 'https://static01.nyt.com/images/2020/04/14/us/politics/12dc-virus-trump2/12dc-virus-trump2-mediumThreeByTwo210.jpg', 'format': 'mediumThreeByTwo210', 'height': 140, 'width': 210}, {'url': 'https://static01.nyt.com/images/2020/04/14/us/politics/12dc-virus-trump2/12dc-virus-trump2-mediumThreeByTwo440.jpg', 'format': 'mediumThreeByTwo440', 'height': 293, 'width': 440}]}]",0
15,nyt://article/425c9cf9-bd3e-5907-b86a-4efc71dea5fb,https://www.nytimes.com/2020/04/08/science/new-york-coronavirus-cases-europe-genomes.html,100000007077243,100000007077243,New York Times,2020-04-08,2020-04-11 10:49:12,Science,,science,your-feed-science;Coronavirus (2019-nCoV);Genetics and Heredity;Respiratory Diseases;Science and Technology,,By Carl Zimmer,Article,"Most New York Coronavirus Cases Came From Europe, Genomes Show","Travelers seeded multiple cases starting as early as mid-February, genomes show.","['your-feed-science', 'Coronavirus (2019-nCoV)', 'Genetics and Heredity', 'Respiratory Diseases', 'Science and Technology']",[],[],[],"[{'type': 'image', 'subtype': 'photo', 'caption': 'Since the first genome of the coronavirus was sequenced in January, researchers around the world have sequenced over 3,000 more, some of which are genetically identical while others carry distinctive mutations.', 'copyright': 'National Institutes of Health/EPA, via Shutterstock', 'approved_for_syndication': 1, 'media-metadata': [{'url': 'https://static01.nyt.com/images/2020/04/14/science/09VIRUS-MUTATIONS1/09VIRUS-MUTATIONS1-thumbStandard.jpg', 'format': 'Standard Thumbnail', 'height': 75, 'width': 75}, {'url': 'https://static01.nyt.com/images/2020/04/14/science/09VIRUS-MUTATIONS1/09VIRUS-MUTATIONS1-mediumThreeByTwo210.jpg', 'format': 'mediumThreeByTwo210', 'height': 140, 'width': 210}, {'url': 'https://static01.nyt.com/images/2020/04/14/science/09VIRUS-MUTATIONS1/09VIRUS-MUTATIONS1-mediumThreeByTwo440.jpg', 'format': 'mediumThreeByTwo440', 'height': 293, 'width': 440}]}]",0
16,nyt://article/556c13b3-5263-5901-86c0-9be2e18222f3,https://www.nytimes.com/2020/04/09/us/politics/trump-coronavirus-press-briefing.html,100000007077385,100000007077385,New York Times,2020-04-09,2020-04-10 17:10:31,U.S.,Politics,u.s.,"Coronavirus (2019-nCoV);Polls and Public Opinion;Presidential Election of 2020;United States Economy;United States Politics and Government;News and News Media;Television;Rumors and Misinformation;Trump, Donald J;Republican Party",,By Jonathan Martin and Maggie Haberman,Article,Trump Keeps Talking. Some Republicans Don’t Like What They’re Hearing.,"Aides and allies increasingly believe the president’s daily briefings are hurting him more than helping, and are urging him to let his medical experts take center stage.","['Coronavirus (2019-nCoV)', 'Polls and Public Opinion', 'Presidential Election of 2020', 'United States Economy', 'United States Politics and Government', 'News and News Media', 'Television', 'Rumors and Misinformation']",['Republican Party'],"['Trump, Donald J']",[],"[{'type': 'image', 'subtype': 'photo', 'caption': 'President Trump appears daily during the coronavirus task force briefings at the White House.', 'copyright': 'Anna Moneymaker/The New York Times', 'approved_for_syndication': 1, 'media-metadata': [{'url': 'https://static01.nyt.com/images/2020/04/09/us/politics/09trump-reelect1/09trump-reelect1-thumbStandard.jpg', 'format': 'Standard Thumbnail', 'height': 75, 'width': 75}, {'url': 'https://static01.nyt.com/images/2020/04/09/us/politics/09trump-reelect1/09trump-reelect1-mediumThreeByTwo210-v2.jpg', 'format': 'mediumThreeByTwo210', 'height': 140, 'width': 210}, {'url': 'https://static01.nyt.com/images/2020/04/09/us/politics/09trump-reelect1/09trump-reelect1-mediumThreeByTwo440-v2.jpg', 'format': 'mediumThreeByTwo440', 'height': 293, 'width': 440}]}]",0
17,nyt://article/9d3f6daf-2df6-5d27-bc2a-09c1dddddce8,https://www.nytimes.com/2020/04/08/well/live/coronavirus-face-mask-mistakes.html,100000007073541,100000007073541,New York Times,2020-04-08,2020-04-14 00:03:16,Well,Live,well,Masks;Protective Clothing and Gear;Face;Hygiene and Cleanliness,,By Tara Parker-Pope,Article,How NOT to Wear a Mask,"Wearing a face mask takes some getting used to. To get the most benefit, you need to avoid these common mistakes.","['Masks', 'Protective Clothing and Gear', 'Face', 'Hygiene and Cleanliness']",[],[],[],"[{'type': 'image', 'subtype': 'photo', 'caption': '', 'copyright': 'Eleni Kalorkoti', 'approved_for_syndication': 1, 'media-metadata': [{'url': 'https://static01.nyt.com/images/2020/04/07/smarter-living/00well-masks-dont-promo/00well-masks-dont-promo-thumbStandard-v2.png', 'format': 'Standard Thumbnail', 'height': 75, 'width': 75}, {'url': 'https://static01.nyt.com/images/2020/04/07/smarter-living/00well-masks-dont-promo/00well-masks-dont-promo-mediumThreeByTwo210-v2.png', 'format': 'mediumThreeByTwo210', 'height': 140, 'width': 210}, {'url': 'https://static01.nyt.com/images/2020/04/07/smarter-living/00well-masks-dont-promo/00well-masks-dont-promo-mediumThreeByTwo440-v2.png', 'format': 'mediumThreeByTwo440', 'height': 293, 'width': 440}]}]",0
18,nyt://article/5a8a4ff3-aa73-5c6e-b6cf-357c9c5ab743,https://www.nytimes.com/2020/04/07/world/asia/wuhan-coronavirus.html,100000007072720,100000007072720,New York Times,2020-04-07,2020-04-08 09:44:46,World,Asia Pacific,world,Coronavirus (2019-nCoV);Epidemics;Deaths (Fatalities);Quarantines;Shopping and Retail;Economic Conditions and Trends;Politics and Government;Wuhan (China);Hubei Province (China);China,,By Raymond Zhong and Vivian Wang,Article,"China Ends Wuhan Lockdown, but Normal Life Is a Distant Dream","In the city where the coronavirus outbreak was first reported, the reopening of outbound travel won’t end hard times, wariness or confinement.","['Coronavirus (2019-nCoV)', 'Epidemics', 'Deaths (Fatalities)', 'Quarantines', 'Shopping and Retail', 'Economic Conditions and Trends', 'Politics and Government']",[],[],"['Wuhan (China)', 'Hubei Province (China)', 'China']",[],0
19,nyt://article/786142af-2cee-5af5-8a96-68b0ca86b4e9,https://www.nytimes.com/2020/04/06/opinion/trump-coronavirus-empathy.html,100000007072308,100000007072308,New York Times,2020-04-06,2020-04-10 12:43:54,Opinion,,opinion,"Coronavirus (2019-nCoV);United States Politics and Government;Trump, Donald J",,By Frank Bruni,Article,Has Anyone Found Trump’s Soul? Anyone?,He’s not rising to the challenge of the coronavirus pandemic. He’s shriveling into nothingness.,"['Coronavirus (2019-nCoV)', 'United States Politics and Government']",[],"['Trump, Donald J']",[],"[{'type': 'image', 'subtype': 'photo', 'caption': '', 'copyright': 'Al Drago for The New York Times', 'approved_for_syndication': 1, 'media-metadata': [{'url': 'https://static01.nyt.com/images/2020/04/05/opinion/05bruninew/05bruninew-thumbStandard.jpg', 'format': 'Standard Thumbnail', 'height': 75, 'width': 75}, {'url': 'https://static01.nyt.com/images/2020/04/05/opinion/05bruninew/05bruninew-mediumThreeByTwo210.jpg', 'format': 'mediumThreeByTwo210', 'height': 140, 'width': 210}, {'url': 'https://static01.nyt.com/images/2020/04/05/opinion/05bruninew/05bruninew-mediumThreeByTwo440.jpg', 'format': 'mediumThreeByTwo440', 'height': 293, 'width': 440}]}]",0
